com_name,com_afm,com_ID
Fadel-Kuhic,391789214,67-151-3038
Gottlieb LLC,785810396,47-964-7815
Jacobson Inc,321898824,14-649-8739
Orn and Sons,477827879,41-336-4181
Abernathy  Powlowski and Greenholt,294390931,51-379-3804
Kessler  Schuppe and Emmerich,490695128,58-878-1007
Crist Bailey and Price,265226285,98-176-7532
Block-Goodwin,248634654,92-711-3332
Mayer Group,638902441,62-855-5966
Keebler-Bayer,269881308,19-566-0294
Goodwin Thiel and Robel,582941568,44-503-3468
Klocko Harber and Gusikowski,650323323,07-516-4304
Bins-Wuckert,747746859,50-390-9586
Abbott Stamm and Johns,076181610,68-812-1828
Turcotte Nader and Collins,502598076,63-397-6543
Koepp Rodriguez and Jacobson,043181333,91-634-4868
Denesik-Kirlin,053913259,39-186-2314
Haley-Stehr,244607912,55-464-4062
Jast Group,253260980,55-712-7902
McLaughlin Wiza and Borer,723900075,54-361-2844
